Partner,Address
Alex Green Elementary,"3921 Lloyd Road, Nashville, TN 37189"
Antioch High School,"1900 Hobson Pike, Antioch, TN 37013"
Catholic Charities,"2806 McGavock Pk, Nashville, TN 37214"
Cole Elementary,"5060 Colemont Dr, Antioch, TN 37013"
Connectus Priest Lake,"2637 Murfreesboro Pike, Nashville, TN 37217"
Connectus Vine Hill,"601 Benton Avenue, Nashville, TN 37204"
Fall Hamilton Elementary,"510 Wedgewood Ave, Nashville, TN 37203"
Glencliff High School,"160 Antioch Pike, Nashville, TN 37211"
Glenview Elementary,"1020 Patricia Dr, Nashville, TN 37217"
H G Hill Middle School,"150 Davidson Rd, Nashville, TN 37205"
Haynes Middle School,"510 W Trinity Ln, Nashville, TN 37207"
Haywood Elementary,"3790 Turley Dr, Nashville, TN 37211"
Hillsboro High School,"3812 Hillsboro Pike, Nashville, TN 37215"
Hillwood High School,"400 Davidson Rd, Nashville, TN 37205"
Hispanic Family Foundation,"3927 Nolensville Pike, Nashville, TN 37211"
Hull Jackson Elementary,"1015 Kellow St, Nashville, TN 37208"
Ida B Wells Elementary,"244 Foster St, Nashville, TN 37207"
J.E. Moss Elementary,"4701 Bowfield Dr, Nashville, TN 37013"
Jere Baxter Middle School,"350 Hart Ln, Nashville, TN 37207"
John Early Museum Magnet MS,"1000 Cass St, Nashville, TN 37208"
Jones Paidia Magnet MS,"1800 9th Ave N, Nashville, TN 37208"
KIPP Academy Nashville MS,"123 Douglas Ave, Nashville, TN 37207"
KIPP Kirkpatrick Elementary,"1000 Sevier St, Nashville, TN 37206"
KIPP Nashville College Prep,"3410 Knight Dr, Nashville, TN 37189"
Legacy Mission Village,"5123 Nolensville Pike, Nashville, TN 37211"
Madison Middle School,"300 W Old Hickory Blvd, Madison, TN 37115"
Maplewood High School,"401 Walton Ln, Nashville, TN 37216"
Martha O'Bryan,"711 S 7th St, Nashville, TN 37206"
McGavock High School,"3150 McGavock Pike, Nashville, TN 37214"
McGruder Family Resource Center,"2013 25th Ave N, Nashville, TN 37208"
McKissick Middle School,"915 38th Ave N, Nashville, TN 37209"
McMurray Middle Prep,"520 McMurray Dr, Nashville, TN 37211"
Monroe Harding,"1 Vantage Way, Nashville, TN 37228"
Napier Elementary,"67 Fairfield Ave, Nashville, TN 37210"
Nashville Women's Rescue Mission,"1716 Rosa L Parks Blvd, Nashville, TN 37208"
NeedLink Nashville,"1600 56th Ave N, Nashville, TN 37209"
NICE Highlands Apartments,"4646 Nolensville Pike, Nashville, TN 37211"
Overton High School,"4700 Franklin Pike, Nashville, TN 37220"
Pearl Cohn High School,"904 26th Ave N, Nashville, TN 37208"
Robert Churchwell Elementary,1625 Dr DB Todd Jr. Blvd
Shwab Elementary School,"1500 Dickerson Pike, Nashville, TN 37207"
Stratford High School,"1800 Stratford Ave, Nashville, TN 37216"
Tom Joy Elementary,"2201 Jones Ave, Nashville, TN 37207"
Tusculum Elementary,"440 McMurray Dr, Nashville, TN 37211"
Two Rivers Middle School,"2991 McGavock Pk, Nashville, TN 37214"
Whites Creek High School,"7277 Old Hickory Blvd, Whites Creek, TN 37189"
Woodmont Baptist Church,"2100 Woodmont Blvd, Nashville, TN 37215"
10th & Fatherland,"1000 Fatherland St, Nashville, TN 37206"
Andrea Hollis,
Antioch Middle School,"5050 Blue Hole Rd, Antioch, TN 37013"
Apollo Middle School,"631 Richards Rd, Nashville, TN 37013"
Ascension Saint Thomas,"2000 Church St, Nashville, TN 37203"
Ascension Saint Thomas- Holy Family,"3754 Murfreesboro Pike, Nashville, TN 37013"
BlueCross BlueShield of Tennessee,"161 Heart Dr, Johnson City, TN 37604"
Buena Vista Elementary,"1531 9th Ave N, Nashville, TN 37208"
Camp Widjiwagan YMCA,"3088 Smith Springs Rd, Antioch, TN 37013"
Columbia Pediatric Clinic Inc,"1003 Reserve Blvd STE 110, Spring Hill, TN 37174"
Community Resource Center,"218 Omohundro Pl, Nashville, TN 37210"
Creswell Middle Prep,"3500 John Mallette Dr, Nashville, TN 37218"
Dodson Chapel,"4107 Dodson Chapel Rd, Hermitage, TN 37076"
Donelson Middle School,"110 Stewarts Ferry Pike, Nashville, TN 37214"
Down Syndrome Association-Middle Tn,"1310 Central Ct, Hermitage, TN 37076"
Dupont Elementary School,"1311 9th St, Old Hickory, TN 37138"
East Nashville Cooperative Ministry,"3115 Gallatin Pike, Nashville, TN 37216"
East Nashville Magnet Middle School,"110 Gallatin Ave, Nashville, TN 37206"
East YMCA,"2624 Gallatin Pike, Nashville, TN 37216"
Evan Hill MB Church,"1341 Tulip Grove Rd, Hermitage, TN 37076"
Fannie Battle Day Home,"108 Chapel Ave, Nashville, TN 37206"
First Presbyterian Church - Lebanon,"304 W Main St, Lebanon, TN 37087"
Glengarry Elementary,"200 Finley Dr, Nashville, TN 37217"
Greater Christ Temple,"2400 10th Ave S, Nashville, TN 37204"
Greater Heights Missionary Baptist,"1600 14th Ave N, Nashville, TN 37208"
Hadley Park Emergency Shelter,"1037 28th Ave N, Nashville, TN 37208"
Hermitage Community Center,"3720 James Kay Ln, Hermitage, TN 37076"
Hermitage United Methodist Church,"205 Belinda Dr, Nashville, TN 37076"
Ivanetta H. Davis Early Learning Center,"1910 S Hamilton Rd, Nashville, TN 37218"
Jean Crowe Advocacy Center,"100 James Robertson Parkway, Nashville, TN 37201"
Joelton Middle School,"3500 Old Clarksville Pike, Joelton, TN 37080"
John Early Museum Magnet MS,"1000 Cass St, Nashville, TN 37208"
Jones Paideia Elementary Magnet School,"1800 9th Ave N, Nashville, TN 37208"
KIPP Academy Nashville,"123 Douglas Avenue, Nashville, TN  37207"
Kipp Kirkpatrick Elementary,"1000 Sevier St, Nashville, TN 37206"
"Knowledge Academies, Inc.","5320 Hickory Hollow Pkwy, Antioch, TN 37013"
Knowles,"174 Rains Avenue, Nashville, TN 37203"
Lakeview Elementary,"455 Rural Hill Rd, Nashville, TN 37217"
Lebanon Special School District,"397 N Castle Heights Ave, Lebanon, TN 37087"
Lee's Chapel,"1200 Dr DB Todd Jr Blvd, Nashville, TN 37208"
Madison Hispanic 7th Day,"1605 Neelys Bend Rd, Nashville, TN 37115"
Matthew Walker Comprehensive Health Center,"1035 14th Ave N, Nashville, TN 37208"
McMurray Middle School,"520 McMurray Dr, Nashville, TN 37211"
McNeily Center,"100 Meridian St, Nashville, TN 37207"
Meharry Pediatric Clinic,"1005 Dr DB Todd Jr Blvd # 2, Nashville, TN 37208"
Mercy Marshall County Clinic,"122 E Commerce St, Lewisburg, TN 37091"
Mercy Williamson County Clinic,"1113 Murfreesboro Rd #319, Franklin, TN 37064"
Neighborhood Health at Napier Place,"107 Charles E Davis Blvd, Nashville, TN 37210"
Neighborhood Health Casa Azafran,"2195 Nolensville Pike, Nashville, TN 37211"
Neighborhood Health Cayce,"617 S 8th St, Nashville, TN 37206"
Neighborhood Health Cleveland,"1223 Dickerson Pike, Nashville, TN 37207"
Neighborhood Health Inglewood,"3904 Gallatin Pike, Nashville, TN 37216"
Neighborhood Health Lebanon,"217 E High St #200, Lebanon, TN 37087"
Neighborhood Health Madison,"601 W Due West Ave, Madison, TN 37115"
Nikki Mitchell Foundation,"1610 Porter Rd #200, Nashville, TN 37206"
Nurses for Newborns,"50 Vantage Way # 101, Nashville, TN 37228"
Paragon Mills Elementary,"260 Paragon Mills Rd, Nashville, TN 37211"
Rose Park Middle School,"1025 9th Ave S, Nashville, TN 37203"
Safe Room,"P.O. BOX 40221, NASHVILLE, TN, 37204"
Salvation Army,
Sportsplex Shelter,"222 25th Ave N, Nashville, TN 37203"
St. Luke's Community House,"5601 New York Ave, Nashville, TN 37209"
Team Music Is Love One Gen Away,
Total Health Medical And Dental Care,"5352 Hickory Hollow Pkwy, Antioch, TN 37013"
TriStar Centennial,"2221 Murphy Ave, Nashville, TN 37203"
Welshwood Clinic,"419 Welshwood Dr, Nashville, TN 37211"
Whitsitt Elementary,"110 Whitsett Rd, Nashville, TN 37210"
Wilson County Community Help Center,"203 W High St, Lebanon, TN 37087"
YWCA,"1608 Woodmont Blvd, Nashville, TN 37215"
